Measurement,JSON,Flight
Min Duration,0.011033773,0.002061367
Max Duration,0.014022589,0.003059149
Mean Duration,0.011561067,0.002430375
Median Duration,0.011488557,0.002325773
Standard Deviation,0.000430092,0.000274636
Range,0.002988815,0.000997782
