Measurement,JSON,Flight
Min Duration,0.000880718,0.000545025
Max Duration,0.001261473,0.000968695
Mean Duration,0.000971053,0.000619626
Median Duration,0.000953197,0.000592232
Standard Deviation,0.000067873,0.000081159
Range,0.000380754,0.000423670
