Measurement,JSON,Flight
Min Duration,0.000947237,0.000566959
Max Duration,0.001610279,0.000935793
Mean Duration,0.001016605,0.000659125
Median Duration,0.000992060,0.000644326
Standard Deviation,0.000095091,0.000075741
Range,0.000663042,0.000368834
