Measurement,JSON,Flight
Min Duration,1.342997789,0.386873245
Max Duration,1.679890156,0.502101421
Mean Duration,1.447635632,0.435660334
Median Duration,1.436675668,0.432758212
Standard Deviation,0.051681608,0.020050861
Range,0.336892366,0.115228176
