Measurement,JSON,Flight
xxs,0.000944450,0.000622373
xs,0.000971053,0.000619626
s,0.001016605,0.000659125
m,0.001674583,0.000881169
l,0.011561067,0.002430375
xl,0.111845329,0.033838348
xxl,1.447635632,0.435660334
