Measurement,JSON,Flight
Min Duration,0.000873804,0.000541687
Max Duration,0.001290560,0.001268864
Mean Duration,0.000944450,0.000622373
Median Duration,0.000928283,0.000582814
Standard Deviation,0.000065955,0.000105380
Range,0.000416756,0.000727177
