Measurement,JSON,Flight
Min Duration,0.106588125,0.028544903
Max Duration,0.134224176,0.051131725
Mean Duration,0.111845329,0.033838348
Median Duration,0.112210631,0.031165123
Standard Deviation,0.004160761,0.005961513
Range,0.027636051,0.022586823
