Measurement,JSON,Flight
Min Duration,0.001488209,0.000741959
Max Duration,0.002276659,0.001214027
Mean Duration,0.001674583,0.000881169
Median Duration,0.001626134,0.000868917
Standard Deviation,0.000147370,0.000098099
Range,0.000788450,0.000472069
