Measurement,JSON,Flight
Min Duration,0.005319400,0.001829400
Max Duration,0.006894000,0.023615700
Mean Duration,0.005906335,0.003132519
Median Duration,0.005828100,0.002592300
Standard Deviation,0.000327239,0.003151749
Range,0.001574600,0.021786300
