Measurement,JSON,Flight
Min Duration,0.000597600,0.000346300
Max Duration,0.000882600,0.000677800
Mean Duration,0.000662640,0.000414374
Median Duration,0.000650200,0.000392600
Standard Deviation,0.000046794,0.000066922
Range,0.000285000,0.000331500
