Measurement,JSON,Flight
Min Duration,0.000201000,0.000204800
Max Duration,0.000466700,0.000454000
Mean Duration,0.000264739,0.000239041
Median Duration,0.000250000,0.000228100
Standard Deviation,0.000049475,0.000037391
Range,0.000265700,0.000249200
