Measurement,JSON,Flight
Min Duration,0.000149500,0.000193700
Max Duration,0.000352800,0.000365200
Mean Duration,0.000164697,0.000226107
Median Duration,0.000156700,0.000217900
Standard Deviation,0.000025101,0.000028848
Range,0.000203300,0.000171500
