Measurement,JSON,Flight
Min Duration,0.663082900,0.357747200
Max Duration,0.893770500,0.411371000
Mean Duration,0.701237146,0.383622753
Median Duration,0.695109100,0.383729200
Standard Deviation,0.027800363,0.012961281
Range,0.230687600,0.053623800
