Measurement,JSON,Flight
xxs,0.000209270,0.000233361
xs,0.000164697,0.000226107
s,0.000264739,0.000239041
m,0.000662640,0.000414374
l,0.005906335,0.003132519
xl,0.067557098,0.034111604
xxl,0.701237146,0.383622753
