Measurement,JSON,Flight
Min Duration,0.000148300,0.000198900
Max Duration,0.000368500,0.000364000
Mean Duration,0.000209270,0.000233361
Median Duration,0.000202200,0.000226800
Standard Deviation,0.000045519,0.000026396
Range,0.000220200,0.000165100
