Measurement,JSON,Flight
Min Duration,0.057851900,0.030981000
Max Duration,0.090251500,0.057301100
Mean Duration,0.067557098,0.034111604
Median Duration,0.061151700,0.033269800
Standard Deviation,0.009653343,0.004092987
Range,0.032399600,0.026320100
